﻿<parameters>
  <parameter name="IIS Web Application Name" defaultValue="ITSA1030-1" tags="IisApp">
    <parameterEntry kind="ProviderPath" scope="IisApp" match="^C:\\Users\\jose\\Documents\\Ex_Files_ASPNETMVC5_EssT\\Ex_Files_ASPNETMVC5_EssT\\Exercise\ Files\\Ch9\\Final\\AutomatedTellerMachine\\obj\\Release\\Package\\PackageTmp$" />
    <parameterEntry kind="ProviderPath" scope="setAcl" match="^C:\\Users\\jose\\Documents\\Ex_Files_ASPNETMVC5_EssT\\Ex_Files_ASPNETMVC5_EssT\\Exercise\ Files\\Ch9\\Final\\AutomatedTellerMachine\\obj\\Release\\Package\\PackageTmp$" />
  </parameter>
  <parameter name="DefaultConnection-Web.config Connection String" defaultValue="Data Source=DESKTOP-S0PK2R4;Initial Catalog=C8A4C8430B8700F5996BB25C04D5BFA0_RMACHINE_FINAL\AUTOMATEDTELLERMACHINE\APP_DATA\ASPNET-AUTOMATEDTELLERMACHINE-20140705054415.MDF;Integrated Security=True">
    <parameterEntry kind="XmlFile" scope="C:\\Users\\jose\\Documents\\Ex_Files_ASPNETMVC5_EssT\\Ex_Files_ASPNETMVC5_EssT\\Exercise\ Files\\Ch9\\Final\\AutomatedTellerMachine\\obj\\Release\\Package\\PackageTmp\\Web\.config$" match="/configuration/connectionStrings/add[@name='DefaultConnection']/@connectionString" />
  </parameter>
  <parameter name="DefaultConnection_DatabasePublish-Web.config Connection String" description="DefaultConnection Connection String used by Entity Framework Code First Model to deploy the database." defaultValue="Data Source=DESKTOP-S0PK2R4;Initial Catalog=C8A4C8430B8700F5996BB25C04D5BFA0_RMACHINE_FINAL\AUTOMATEDTELLERMACHINE\APP_DATA\ASPNET-AUTOMATEDTELLERMACHINE-20140705054415.MDF;Integrated Security=True">
    <parameterEntry kind="XmlFile" scope="C:\\Users\\jose\\Documents\\Ex_Files_ASPNETMVC5_EssT\\Ex_Files_ASPNETMVC5_EssT\\Exercise\ Files\\Ch9\\Final\\AutomatedTellerMachine\\obj\\Release\\Package\\PackageTmp\\Web\.config$" match="/configuration/connectionStrings/add[@name='DefaultConnection_DatabasePublish']/@connectionString" />
  </parameter>
</parameters>